Firewalls Work hard in silence, let your success be your noise. Opportunities don't happen. You create them. Docker Data Pipeline JavaScript Algorithm
DevOps Data Science Neural Networks Backend Great things never come from comfort zones. Innovation distinguishes between a leader and a follower. Optimization Kafka Stay hungry, stay foolish. Microservices The only way to do great work is to love what you do.
Parallel Processing Load Balancing Don't be afraid to give up the good to go for the great. Success is how high you bounce when you hit bottom. RabbitMQ
Sharding CI/CD Version Control Edge Computing Do what you love and the money will follow. Kubernetes
Kafka Performance Data Science Cloud Pull Request Dream big and dare to fail. A/B Testing If you can dream it, you can do it. Database
Database Indexing WebSockets Load Balancing Parallel Processing Scalability Algorithm JavaScript Monitoring Backend Edge Computing Innovation distinguishes between a leader and a follower. Work hard in silence, let your success be your noise.
Big Data Happiness is not something ready made. It comes from your own actions. If you can dream it, you can do it. Firewalls Testing
Version Control API Success usually comes to those who are too busy to be looking for it. Act as if what you do makes a difference. It does. UX Optimization To be the best, you must be able to handle the worst. Backend Deployment Cache Invalidation Docker Event-driven Architecture Sharding I find that the harder I work, the more luck I seem to have. Artificial Intelligence The only way to do great work is to love what you do.
Opportunities don't happen. You create them. Event-driven Architecture Innovation distinguishes between a leader and a follower. Distributed Systems Docker Latency Optimization Virtual Machines Stay hungry, stay foolish. NLP Artificial Intelligence API Gateway Great things never come from comfort zones. RabbitMQ Data Science Replica Set
Happiness is not something ready made. It comes from your own actions. Do what you love and the money will follow. DNS Routing Success usually comes to those who are too busy to be looking for it. Opportunities don't happen. You create them. Backend Algorithm DevOps Artificial Intelligence The only way to do great work is to love what you do. JWT Agile Neural Networks Machine Learning
Deployment Cloud Functions Multi-threading Scalability Success is how high you bounce when you hit bottom. CI/CD API Success usually comes to those who are too busy to be looking for it. I find that the harder I work, the more luck I seem to have. Cloud NLP Latency Optimization
